MUTE,16H,127,,,,,,,,,,,,,,,,,,,,,,,,
DEFAULT (JCM800),7C,0,,,,,,,,,,,,,,,,,,,,,,,,
DEFAULT (RVerb),7A,1,,,,,,,,,,,,,,,,,,,,,,,,
Alive,4C,24,,,,,,,,,,,,,,,,,,,,,,,,
All My Life,7B,1,,,,,,,,,,,,,,,,,,,,,,,,
All Over You,7B,1,,,,,,,,,,,,,,,,,,,,,,,,
"Anthem, The",7B,1,,,,,,,,,,,,,,,,,,,,,,,,
Basket Case,7D,0,,,,,,,,,,,,,,,,,,,,,,,,
Possum Kingdom,8F,17,,,,,,,,,,,,,,,,,,,,,,,,
Big Bang Baby,7D,0,,,,,,,,,,,,,,,,,,,,,,,,
Big Empty,7B,1,,,,,,,,,,,,,,,,,,,,,,,,
Bound for the Floor,10H,35,,,,,,,,,,,,,,,,,,,,,,,,
Bullet with Butterfly Wings,9F,22,,,,,,,,,,,,,,,,,,,,,,,,
Bulls On Parade,7B,1,,,,,,,,,,,,,,,,,,,,,,,,
By The Way,8C,7,,,,,,,,,,,,,,,,,,,,,,,,
Celebrity Skin,14B,58,,,,,,,,,,,,,,,,,,,,,,,,
Cherub Rock,12B,40,,,,,,,,,,,,,,,,,,,,,,,,
Cochise,9A,56,2,11,1,2,13,1,,,,,,,,,,,,,,,,,,
Cold Hard Bitch,8E,11,,,,,,,,,,,,,,,,,,,,,,,,
Come Out And Play,11C,1,,,,,,,,,,,,,,,,,,,,,,,,
Comedown,6E,1,,,,,,,,,,,,,,,,,,,,,,,,
Crawling in the Dark,13D,46,,,,,,,,,,,,,,,,,,,,,,,,
Cumbersome,9C,18,,,,,,,,,,,,,,,,,,,,,,,,
Dance Dance,7B,1,,,,,,,,,,,,,,,,,,,,,,,,
Dead and Bloated,7B,1,,,,,,,,,,,,,,,,,,,,,,,,
Dirty Deeds,7D,0,,,,,,,,,,,,,,,,,,,,,,,,
Down,7B,1,2,10,1,2,11,1,,,,,,,,,,,,,,,,,,
Drive,10C,14,,,,,,,,,,,,,,,,,,,,,,,,
Even Flow,7B,1,,,,,,,,,,,,,,,,,,,,,,,,
Everlong,7B,1,,,,,,,,,,,,,,,,,,,,,,,,
Far Behind/Plowed,7H,1,2,13,1,,,,,,,,,,,,,,,,,,,,,
Flagpole Sitta,13C,45,,,,,,,,,,,,,,,,,,,,,,,,
Fly Away,9F,22,,,,,,,,,,,,,,,,,,,,,,,,
Fight for Your Right,7B,1,,,,,,,,,,,,,,,,,,,,,,,,
Guerrilla Radio,13G,55,,,,,,,,,,,,,,,,,,,,,,,,
Hard to Handle,7D,0,,,,,,,,,,,,,,,,,,,,,,,,
Hash Pipe,13H,57,,,,,,,,,,,,,,,,,,,,,,,,
Heart Shaped Box,1G,34,,,,,,,,,,,,,,,,,,,,,,,,
Heavy,7B,1,2,11,1,,,,,,,,,,,,,,,,,,,,,
Hey Man Nice Shot,8H,27,,,,,,,,,,,,,,,,,,,,,,,,
Higher,7A,1,,,,,,,,,,,,,,,,,,,,,,,,
Higher Ground,7D,0,,,,,,,,,,,,,,,,,,,,,,,,
Highway Tune,7D,0,,,,,,,,,,,,,,,,,,,,,,,,
Hysteria,13E,47,,,,,,,,,,,,,,,,,,,,,,,,
I Alone,7A,1,,,,,,,,,,,,,,,,,,,,,,,,
I Believe In A Thing...,12E,3,,,,,,,,,,,,,,,,,,,,,,,,
Immigrant Song,7B,1,,,,,,,,,,,,,,,,,,,,,,,,
In Bloom,8G,25,,,,,,,,,,,,,,,,,,,,,,,,
Inside Out,7D,0,,,,,,,,,,,,,,,,,,,,,,,,
Interstate Love Song,7D,0,,,,,,,,,,,,,,,,,,,,,,,,
Killing in the Name,14H,61,,,,,,,,,,,,,,,,,,,,,,,,
Last Nite,7D,0,,,,,,,,,,,,,,,,,,,,,,,,
Limelight,11E,37,,,,,,,,,,,,,,,,,,,,,,,,
Little Things,6E,1,,,,,,,,,,,,,,,,,,,,,,,,
Low,3F,33,,,,,,,,,,,,,,,,,,,,,,,,
Man in the Box,8A,10,2,11,1,2,17,1,,,,,,,,,,,,,,,,,,
Meet Virginia,12C,0,,,,,,,,,,,,,,,,,,,,,,,,
Miss Murder,7A,1,2,12,1,2,13,1,,,,,,,,,,,,,,,,,,
My Hero,7B,1,,,,,,,,,,,,,,,,,,,,,,,,
My Sacrifice,7B,1,,,,,,,,,,,,,,,,,,,,,,,,
No Excuses,4B,23,,,,,,,,,,,,,,,,,,,,,,,,
No One Knows,12H,1,,,,,,,,,,,,,,,,,,,,,,,,
"Ocean, The",7D,0,,,,,,,,,,,,,,,,,,,,,,,,
"One I Love, The",14F,1,,,,,,,,,,,,,,,,,,,,,,,,
One Last Breath,13F,48,,,,,,,,,,,,,,,,,,,,,,,,
Outshined,7B,1,,,,,,,,,,,,,,,,,,,,,,,,
Pets,10B,13,,,,,,,,,,,,,,,,,,,,,,,,
Plowed,7H,1,2,12,1,2,13,1,2,11,1,,,,,,,,,,,,,,,
Plush,7B,1,,,,,,,,,,,,,,,,,,,,,,,,
Possum Kingdom,3B,17,,,,,,,,,,,,,,,,,,,,,,,,
Say It Ain't So,7A,1,,,,,,,,,,,,,,,,,,,,,,,,
Sex Type Thing,7B,1,,,,,,,,,,,,,,,,,,,,,,,,
She,7D,0,,,,,,,,,,,,,,,,,,,,,,,,
Shimmer,8D,8,,,,,,,,,,,,,,,,,,,,,,,,
Shine,11D,36,,,,,,,,,,,,,,,,,,,,,,,,
Show Me How To Live,14A,60,,,,,,,,,,,,,,,,,,,,,,,,
Smells Like Teen Spirit,10F,32,,,,,,,,,,,,,,,,,,,,,,,,
Smooth Criminal,9D,28,,,,,,,,,,,,,,,,,,,,,,,,
Somebody Told Me,11G,39,,,,,,,,,,,,,,,,,,,,,,,,
Sound of Madness,16E,53,,,,,,,,,,,,,,,,,,,,,,,,
STF-Around This Town,15C,64,,,,,,,,,,,,,,,,,,,,,,,,
STF-Color,15D,63,,,,,,,,,,,,,,,,,,,,,,,,
STF-Good Samaritan,15E,65,,,,,,,,,,,,,,,,,,,,,,,,
STF-Reject,15F,66,,,,,,,,,,,,,,,,,,,,,,,,
STF-Fight or Flight,15G,67,,,,,,,,,,,,,,,,,,,,,,,,
Suck My Kiss,7D,59,,,,,,,,,,,,,,,,,,,,,,,,
Sweet Emotion,7D,0,,,,,,,,,,,,,,,,,,,,,,,,
Take Me Out,7D,0,,,,,,,,,,,,,,,,,,,,,,,,
Teenagers,7D,0,,,,,,,,,,,,,,,,,,,,,,,,
Testify,10D,31,,,,,,,,,,,,,,,,,,,,,,,,
Them Bones,9G,1,,,,,,,,,,,,,,,,,,,,,,,,
Today,15H,22,,,,,,,,,,,,,,,,,,,,,,,,
Tomorrow,7A,1,,,,,,,,,,,,,,,,,,,,,,,,
Trippin' on a Hole,7D,0,1,43,7,2,16,1,,,,,,,,,,,,,,,,,,
Unchained,12D,43,,,,,,,,,,,,,,,,,,,,,,,,
Unglued,7D,1,,,,,,,,,,,,,,,,,,,,,,,,
Vasoline,7E,9,,,,,,,,,,,,,,,,,,,,,,,,
Walk This Way,7D,1,1,43,1,,,,,,,,,,,,,,,,,,,,,
War Pigs,7F,1,2,11,1,,,,,,,,,,,,,,,,,,,,,
Wasting My Time,10C,14,,,,,,,,,,,,,,,,,,,,,,,,
Welcome To Paradise,7D,0,,,,,,,,,,,,,,,,,,,,,,,,
Where The River Flows,9H,19,,,,,,,,,,,,,,,,,,,,,,,,
Wicked Garden,9E,1,,,,,,,,,,,,,,,,,,,,,,,,
Wish You Were Here,11F,38,,,,,,,,,,,,,,,,,,,,,,,,
Would?,7B,1,,,,,,,,,,,,,,,,,,,,,,,,
You,7H,1,2,13,1,,,,,,,,,,,,,,,,,,,,,
Zero,10A,22
TEST 123,16G,1,2,10,1,2,11,1,2,12,1,2,13,1,2,15,1,2,16,1,2,17,1,2,12,1
